Name,HOMO,LUMO,Wave
14ed_41b_8ea,-3.6158524613972625,-5.226077113468243,872.766
